INSERT OR IGNORE INTO categorias (nombre) VALUES ('Lácteos');
INSERT OR IGNORE INTO categorias (nombre) VALUES ('Panadería');
INSERT OR IGNORE INTO categorias (nombre) VALUES ('Bebidas');
INSERT OR IGNORE INTO categorias (nombre) VALUES ('Jugos');
INSERT OR IGNORE INTO categorias (nombre) VALUES ('Conservas');
INSERT OR IGNORE INTO categorias (nombre) VALUES ('Enlatados');
INSERT OR IGNORE INTO categorias (nombre) VALUES ('Cereales');
INSERT OR IGNORE INTO categorias (nombre) VALUES ('Snacks');
INSERT OR IGNORE INTO categorias (nombre) VALUES ('Dulces');
INSERT OR IGNORE INTO categorias (nombre) VALUES ('Higiene Personal');
INSERT OR IGNORE INTO categorias (nombre) VALUES ('Limpieza');
INSERT OR IGNORE INTO categorias (nombre) VALUES ('Mascotas');
INSERT OR IGNORE INTO categorias (nombre) VALUES ('Congelados');
INSERT OR IGNORE INTO categorias (nombre) VALUES ('Embutidos');
INSERT OR IGNORE INTO categorias (nombre) VALUES ('Salsas y Aderezos');
INSERT OR IGNORE INTO categorias (nombre) VALUES ('Mermeladas');
INSERT OR IGNORE INTO categorias (nombre) VALUES ('Aceites');
INSERT OR IGNORE INTO categorias (nombre) VALUES ('Pastas');
INSERT OR IGNORE INTO categorias (nombre) VALUES ('Arroz y Granos');
INSERT OR IGNORE INTO categorias (nombre) VALUES ('Café');
INSERT OR IGNORE INTO categorias (nombre) VALUES ('Té');
INSERT OR IGNORE INTO categorias (nombre) VALUES ('Chocolates');
INSERT OR IGNORE INTO categorias (nombre) VALUES ('Galletas');
INSERT OR IGNORE INTO categorias (nombre) VALUES ('Helados');
INSERT OR IGNORE INTO categorias (nombre) VALUES ('Agua Embotellada');
INSERT OR IGNORE INTO categorias (nombre) VALUES ('Energizantes');
INSERT OR IGNORE INTO categorias (nombre) VALUES ('Vinos');
INSERT OR IGNORE INTO categorias (nombre) VALUES ('Licores');
INSERT OR IGNORE INTO categorias (nombre) VALUES ('Frutas Procesadas');
INSERT OR IGNORE INTO categorias (nombre) VALUES ('Productos Infantiles');

INSERT INTO proveedores (ruc, nombre, telefono, direccion) VALUES ('10123456789', 'Grupo Lala', '5551234567', 'Torreón, Coahuila');
INSERT INTO proveedores (ruc, nombre, telefono, direccion) VALUES ('10234567890', 'Alpura', '5552345678', 'Guadalajara, Jalisco');
INSERT INTO proveedores (ruc, nombre, telefono, direccion) VALUES ('10345678901', 'Coca-Cola FEMSA', '5553456789', 'Ciudad de México');
INSERT INTO proveedores (ruc, nombre, telefono, direccion) VALUES ('10456789012', 'PepsiCo México', '5554567890', 'Monterrey, Nuevo León');
INSERT INTO proveedores (ruc, nombre, telefono, direccion) VALUES ('10567890123', 'Nestlé México', '5555678901', 'Toluca, Estado de México');
INSERT INTO proveedores (ruc, nombre, telefono, direccion) VALUES ('10678901234', 'Bimbo', '5556789012', 'Querétaro, Querétaro');
INSERT INTO proveedores (ruc, nombre, telefono, direccion) VALUES ('10789012345', 'Herdez', '5557890123', 'Cuautitlán, Estado de México');
INSERT INTO proveedores (ruc, nombre, telefono, direccion) VALUES ('10890123456', 'La Costeña', '5558901234', 'Orizaba, Veracruz');
INSERT INTO proveedores (ruc, nombre, telefono, direccion) VALUES ('10901234567', 'Kellogg''s', '5559012345', 'Cuernavaca, Morelos');
INSERT INTO proveedores (ruc, nombre, telefono, direccion) VALUES ('11012345678', 'Unilever', '5560123456', 'Ecatepec, Estado de México');
INSERT INTO proveedores (ruc, nombre, telefono, direccion) VALUES ('11123456789', 'Sigma Alimentos', '5561234567', 'San Pedro Garza García, Nuevo León');
INSERT INTO proveedores (ruc, nombre, telefono, direccion) VALUES ('11234567890', 'Danone', '5562345678', 'Naucalpan, Estado de México');
INSERT INTO proveedores (ruc, nombre, telefono, direccion) VALUES ('11345678901', 'Jumex', '5563456789', 'Zapopan, Jalisco');
INSERT INTO proveedores (ruc, nombre, telefono, direccion) VALUES ('11456789012', 'Grupo Modelo', '5564567890', 'Ciudad de México');
INSERT INTO proveedores (ruc, nombre, telefono, direccion) VALUES ('11567890123', 'Heineken México', '5565678901', 'Monterrey, Nuevo León');
INSERT INTO proveedores (ruc, nombre, telefono, direccion) VALUES ('11678901234', 'McCormick', '5566789012', 'Naucalpan, Estado de México');
INSERT INTO proveedores (ruc, nombre, telefono, direccion) VALUES ('11789012345', 'Gamesa', '5567890123', 'Tláhuac, Ciudad de México');
INSERT INTO proveedores (ruc, nombre, telefono, direccion) VALUES ('11890123456', 'Marinela', '5568901234', 'México, Estado de México');
INSERT INTO proveedores (ruc, nombre, telefono, direccion) VALUES ('11901234567', 'Sabritas', '5569012345', 'Contepec, Michoacán');
INSERT INTO proveedores (ruc, nombre, telefono, direccion) VALUES ('12012345678', 'Mondelez', '5570123456', 'Morelia, Michoacán');

INSERT INTO productos (codigo, nombre, categoria, precio_compra, precio_venta, stock, stock_min, descripcion) VALUES ('LAL001', 'Leche Lala Entera 1L', 'Lácteos', 12.50, 15.99, 85, 20, 'Leche entera fresca 1 litro');
INSERT INTO productos (codigo, nombre, categoria, precio_compra, precio_venta, stock, stock_min, descripcion) VALUES ('ALP001', 'Leche Alpura Deslactosada 1L', 'Lácteos', 14.00, 18.50, 45, 15, 'Leche deslactosada 1 litro');
INSERT INTO productos (codigo, nombre, categoria, precio_compra, precio_venta, stock, stock_min, descripcion) VALUES ('LAL002', 'Yogurt Lala Natural 1L', 'Lácteos', 10.50, 13.99, 120, 25, 'Yogurt natural sin sabor');
INSERT INTO productos (codigo, nombre, categoria, precio_compra, precio_venta, stock, stock_min, descripcion) VALUES ('DAN001', 'Yogurt Danone Natural 1L', 'Lácteos', 11.00, 14.50, 95, 20, 'Yogurt natural cremoso');
INSERT INTO productos (codigo, nombre, categoria, precio_compra, precio_venta, stock, stock_min, descripcion) VALUES ('ALP002', 'Queso Alpura Oaxaca 400g', 'Lácteos', 32.00, 42.99, 35, 10, 'Queso fresco Oaxaca');
INSERT INTO productos (codigo, nombre, categoria, precio_compra, precio_venta, stock, stock_min, descripcion) VALUES ('LAL003', 'Mantequilla Lala 227g', 'Lácteos', 18.00, 24.99, 50, 12, 'Mantequilla sin sal');
INSERT INTO productos (codigo, nombre, categoria, precio_compra, precio_venta, stock, stock_min, descripcion) VALUES ('DAN002', 'Crema Danone 400ml', 'Lácteos', 9.50, 12.99, 75, 15, 'Crema ácida');
INSERT INTO productos (codigo, nombre, categoria, precio_compra, precio_venta, stock, stock_min, descripcion) VALUES ('BIM001', 'Pan Bimbo Blanco 680g', 'Panadería', 8.00, 10.99, 110, 30, 'Pan de caja blanco');
INSERT INTO productos (codigo, nombre, categoria, precio_compra, precio_venta, stock, stock_min, descripcion) VALUES ('BIM002', 'Pan Integral Bimbo 680g', 'Panadería', 9.00, 12.50, 65, 20, 'Pan integral completo');
INSERT INTO productos (codigo, nombre, categoria, precio_compra, precio_venta, stock, stock_min, descripcion) VALUES ('BIM003', 'Baguette Bimbo 480g', 'Panadería', 7.50, 9.99, 90, 25, 'Baguette crujiente');
INSERT INTO productos (codigo, nombre, categoria, precio_compra, precio_venta, stock, stock_min, descripcion) VALUES ('MAR001', 'Pan Dulce Marinela 420g', 'Panadería', 6.50, 8.99, 140, 35, 'Variedad de pan dulce');
INSERT INTO productos (codigo, nombre, categoria, precio_compra, precio_venta, stock, stock_min, descripcion) VALUES ('COK001', 'Coca-Cola Original 600ml', 'Bebidas', 5.50, 7.99, 180, 40, 'Refresco cola clásico');
INSERT INTO productos (codigo, nombre, categoria, precio_compra, precio_venta, stock, stock_min, descripcion) VALUES ('COK002', 'Coca-Cola Sin Azúcar 600ml', 'Bebidas', 5.50, 7.99, 145, 35, 'Refresco cola sin azúcar');
INSERT INTO productos (codigo, nombre, categoria, precio_compra, precio_venta, stock, stock_min, descripcion) VALUES ('PEP001', 'Pepsi 600ml', 'Bebidas', 5.00, 7.50, 160, 38, 'Refresco cola');
INSERT INTO productos (codigo, nombre, categoria, precio_compra, precio_venta, stock, stock_min, descripcion) VALUES ('PEP002', 'Pepsi Black 600ml', 'Bebidas', 5.50, 7.99, 85, 20, 'Pepsi sin azúcar');
INSERT INTO productos (codigo, nombre, categoria, precio_compra, precio_venta, stock, stock_min, descripcion) VALUES ('LIM001', 'Sprite 600ml', 'Bebidas', 5.00, 7.50, 150, 35, 'Bebida limón');
INSERT INTO productos (codigo, nombre, categoria, precio_compra, precio_venta, stock, stock_min, descripcion) VALUES ('FAR001', 'Fanta Naranja 600ml', 'Bebidas', 4.50, 6.99, 170, 40, 'Refresco naranja');
INSERT INTO productos (codigo, nombre, categoria, precio_compra, precio_venta, stock, stock_min, descripcion) VALUES ('FAR002', 'Fanta Uva 600ml', 'Bebidas', 4.50, 6.99, 130, 30, 'Refresco uva');
INSERT INTO productos (codigo, nombre, categoria, precio_compra, precio_venta, stock, stock_min, descripcion) VALUES ('JUM001', 'Jumex Mango 1L', 'Jugos', 6.50, 8.99, 95, 20, 'Néctar de mango');
INSERT INTO productos (codigo, nombre, categoria, precio_compra, precio_venta, stock, stock_min, descripcion) VALUES ('JUM002', 'Jumex Piña 1L', 'Jugos', 6.50, 8.99, 85, 18, 'Néctar de piña');
INSERT INTO productos (codigo, nombre, categoria, precio_compra, precio_venta, stock, stock_min, descripcion) VALUES ('JUM003', 'Jumex Naranja 1L', 'Jugos', 6.00, 8.50, 75, 15, 'Néctar de naranja');
INSERT INTO productos (codigo, nombre, categoria, precio_compra, precio_venta, stock, stock_min, descripcion) VALUES ('DEL001', 'Atún Dolores Agua 140g', 'Enlatados', 4.50, 6.99, 150, 30, 'Atún en agua');
INSERT INTO productos (codigo, nombre, categoria, precio_compra, precio_venta, stock, stock_min, descripcion) VALUES ('DEL002', 'Atún Dolores Aceite 140g', 'Enlatados', 4.80, 7.50, 140, 28, 'Atún en aceite');
INSERT INTO productos (codigo, nombre, categoria, precio_compra, precio_venta, stock, stock_min, descripcion) VALUES ('COL001', 'Chícharos La Costeña 420g', 'Conservas', 3.50, 5.50, 120, 25, 'Chícharos enlatados');
INSERT INTO productos (codigo, nombre, categoria, precio_compra, precio_venta, stock, stock_min, descripcion) VALUES ('COL002', 'Elote La Costeña 420g', 'Conservas', 3.50, 5.50, 110, 22, 'Elote enlatado');
INSERT INTO productos (codigo, nombre, categoria, precio_compra, precio_venta, stock, stock_min, descripcion) VALUES ('HER001', 'Chile Jalapeño Herdez 220g', 'Conservas', 5.00, 7.99, 80, 15, 'Jalapeños en vinagre');
INSERT INTO productos (codigo, nombre, categoria, precio_compra, precio_venta, stock, stock_min, descripcion) VALUES ('SAB001', 'Sabritas Original 45g', 'Snacks', 2.50, 3.99, 200, 50, 'Papas fritas clásicas');
INSERT INTO productos (codigo, nombre, categoria, precio_compra, precio_venta, stock, stock_min, descripcion) VALUES ('SAB002', 'Doritos Nacho 62g', 'Snacks', 3.50, 5.50, 180, 45, 'Tortillas de maíz sabor queso');
INSERT INTO productos (codigo, nombre, categoria, precio_compra, precio_venta, stock, stock_min, descripcion) VALUES ('SAB003', 'Cheetos Torciditos 58g', 'Snacks', 3.00, 4.99, 165, 40, 'Snacks de maíz crocante');
INSERT INTO productos (codigo, nombre, categoria, precio_compra, precio_venta, stock, stock_min, descripcion) VALUES ('MON001', 'Barrita Oreo 44g', 'Dulces', 4.00, 6.50, 95, 20, 'Galleta rellena de crema');
INSERT INTO productos (codigo, nombre, categoria, precio_compra, precio_venta, stock, stock_min, descripcion) VALUES ('MON002', 'Chocolate Milka 100g', 'Chocolates', 6.50, 9.99, 110, 25, 'Chocolate con leche suizo');
INSERT INTO productos (codigo, nombre, categoria, precio_compra, precio_venta, stock, stock_min, descripcion) VALUES ('NES001', 'Chocolate Nestlé 100g', 'Chocolates', 5.50, 8.50, 125, 30, 'Chocolate clásico');
INSERT INTO productos (codigo, nombre, categoria, precio_compra, precio_venta, stock, stock_min, descripcion) VALUES ('KAO001', 'Shampo Kaotex 750ml', 'Higiene Personal', 12.00, 16.99, 65, 15, 'Champú para cabello normal');
INSERT INTO productos (codigo, nombre, categoria, precio_compra, precio_venta, stock, stock_min, descripcion) VALUES ('COL003', 'Colgate Toothpaste 150ml', 'Higiene Personal', 7.50, 10.99, 95, 20, 'Pasta dental fluorada');
INSERT INTO productos (codigo, nombre, categoria, precio_compra, precio_venta, stock, stock_min, descripcion) VALUES ('UNI001', 'Jabon Lux Blanco 125g', 'Higiene Personal', 2.50, 4.50, 140, 30, 'Jabón de tocador');
INSERT INTO productos (codigo, nombre, categoria, precio_compra, precio_venta, stock, stock_min, descripcion) VALUES ('ARI001', 'Detergente Ariel 750ml', 'Limpieza', 8.50, 12.99, 75, 18, 'Detergente líquido');
INSERT INTO productos (codigo, nombre, categoria, precio_compra, precio_venta, stock, stock_min, descripcion) VALUES ('POL001', 'Cloro Poligot 1L', 'Limpieza', 3.00, 5.50, 120, 25, 'Cloro líquido desinfectante');
INSERT INTO productos (codigo, nombre, categoria, precio_compra, precio_venta, stock, stock_min, descripcion) VALUES ('UNI002', 'Desengrasante Cif 750ml', 'Limpieza', 6.50, 9.99, 90, 20, 'Limpiador multiusos');
INSERT INTO productos (codigo, nombre, categoria, precio_compra, precio_venta, stock, stock_min, descripcion) VALUES ('PUI001', 'Alimento Purina Pro 1kg', 'Mascotas', 18.00, 24.99, 55, 12, 'Alimento perro adulto');
INSERT INTO productos (codigo, nombre, categoria, precio_compra, precio_venta, stock, stock_min, descripcion) VALUES ('FRI001', 'Fritura Gallina Blanca 250g', 'Congelados', 8.00, 11.99, 85, 20, 'Masa de papas congelada');
INSERT INTO productos (codigo, nombre, categoria, precio_compra, precio_venta, stock, stock_min, descripcion) VALUES ('VAL001', 'Salsa Valentina 370ml', 'Salsas y Aderezos', 3.50, 5.50, 130, 30, 'Salsa picante mexicana');
INSERT INTO productos (codigo, nombre, categoria, precio_compra, precio_venta, stock, stock_min, descripcion) VALUES ('MCC001', 'Mayonesa McCormick 390g', 'Salsas y Aderezos', 7.00, 10.50, 105, 22, 'Mayonesa cremosa');
INSERT INTO productos (codigo, nombre, categoria, precio_compra, precio_venta, stock, stock_min, descripcion) VALUES ('MCC002', 'Mostaza McCormick 350ml', 'Salsas y Aderezos', 5.50, 8.50, 95, 20, 'Mostaza amarilla');
INSERT INTO productos (codigo, nombre, categoria, precio_compra, precio_venta, stock, stock_min, descripcion) VALUES ('MCC003', 'Mermelada McCormick Fresa 270g', 'Mermeladas', 6.00, 9.50, 85, 18, 'Mermelada de fresa');
INSERT INTO productos (codigo, nombre, categoria, precio_compra, precio_venta, stock, stock_min, descripcion) VALUES ('MCC004', 'Mermelada McCormick Piña 270g', 'Mermeladas', 6.00, 9.50, 75, 15, 'Mermelada de piña');
INSERT INTO productos (codigo, nombre, categoria, precio_compra, precio_venta, stock, stock_min, descripcion) VALUES ('KEL001', 'Corn Flakes Kellogg''s 500g', 'Cereales', 9.50, 13.99, 110, 25, 'Cereal de maíz');
INSERT INTO productos (codigo, nombre, categoria, precio_compra, precio_venta, stock, stock_min, descripcion) VALUES ('KEL002', 'Choco Krispis 420g', 'Cereales', 8.00, 11.99, 95, 20, 'Cereal de arroz con chocolate');
INSERT INTO productos (codigo, nombre, categoria, precio_compra, precio_venta, stock, stock_min, descripcion) VALUES ('KEL003', 'Rice Krispies 420g', 'Cereales', 8.00, 11.99, 85, 18, 'Cereal de arroz tostado');
INSERT INTO productos (codigo, nombre, categoria, precio_compra, precio_venta, stock, stock_min, descripcion) VALUES ('NES002', 'Nescafé Clásico 120g', 'Café', 14.00, 19.99, 75, 18, 'Café instantáneo');
INSERT INTO productos (codigo, nombre, categoria, precio_compra, precio_venta, stock, stock_min, descripcion) VALUES ('NES003', 'Nescafé Creamy 170g', 'Café', 15.00, 21.50, 65, 15, 'Café cremoso');
INSERT INTO productos (codigo, nombre, categoria, precio_compra, precio_venta, stock, stock_min, descripcion) VALUES ('GAM001', 'Galletas Gamesa Marías 425g', 'Galletas', 5.50, 8.50, 140, 30, 'Galletas de vainilla');
INSERT INTO productos (codigo, nombre, categoria, precio_compra, precio_venta, stock, stock_min, descripcion) VALUES ('GAM002', 'Galletas Gamesa Animalitos 300g', 'Galletas', 4.50, 6.99, 120, 25, 'Galletas de animales');
INSERT INTO productos (codigo, nombre, categoria, precio_compra, precio_venta, stock, stock_min, descripcion) VALUES ('TÉ001', 'Té Lipton Clásico 20 Bolsas', 'Té', 4.00, 6.50, 95, 20, 'Té negro tradicional');
INSERT INTO productos (codigo, nombre, categoria, precio_compra, precio_venta, stock, stock_min, descripcion) VALUES ('TÉ002', 'Té Lipton Manzanilla 20 Bolsas', 'Té', 4.00, 6.50, 85, 18, 'Infusión manzanilla');
INSERT INTO productos (codigo, nombre, categoria, precio_compra, precio_venta, stock, stock_min, descripcion) VALUES ('PAS001', 'Pasta Barilla Espagueti 500g', 'Pastas', 4.00, 6.50, 130, 30, 'Pasta de semolina');
INSERT INTO productos (codigo, nombre, categoria, precio_compra, precio_venta, stock, stock_min, descripcion) VALUES ('PAS002', 'Pasta Barilla Penne 500g', 'Pastas', 4.00, 6.50, 120, 28, 'Pasta tipo penne');
INSERT INTO productos (codigo, nombre, categoria, precio_compra, precio_venta, stock, stock_min, descripcion) VALUES ('ARR001', 'Arroz Integral 1kg', 'Arroz y Granos', 7.50, 11.50, 100, 22, 'Arroz integral');
INSERT INTO productos (codigo, nombre, categoria, precio_compra, precio_venta, stock, stock_min, descripcion) VALUES ('ARR002', 'Arroz Blanco 1kg', 'Arroz y Granos', 6.50, 10.00, 115, 25, 'Arroz blanco refinado');
INSERT INTO productos (codigo, nombre, categoria, precio_compra, precio_venta, stock, stock_min, descripcion) VALUES ('LEG001', 'Lentejas 500g', 'Arroz y Granos', 5.00, 8.50, 90, 20, 'Lentejas secas');
INSERT INTO productos (codigo, nombre, categoria, precio_compra, precio_venta, stock, stock_min, descripcion) VALUES ('LEG002', 'Frijoles 500g', 'Arroz y Granos', 4.50, 7.50, 105, 22, 'Frijoles negros');
INSERT INTO productos (codigo, nombre, categoria, precio_compra, precio_venta, stock, stock_min, descripcion) VALUES ('ACE001', 'Aceite Mazola 1L', 'Aceites', 10.00, 14.99, 85, 18, 'Aceite de maíz');
INSERT INTO productos (codigo, nombre, categoria, precio_compra, precio_venta, stock, stock_min, descripcion) VALUES ('ACE002', 'Aceite de Oliva 500ml', 'Aceites', 18.00, 26.99, 50, 12, 'Aceite de oliva virgen');
INSERT INTO productos (codigo, nombre, categoria, precio_compra, precio_venta, stock, stock_min, descripcion) VALUES ('HEL001', 'Helado Edy''s Vainilla 1L', 'Helados', 15.00, 21.99, 45, 10, 'Helado de vainilla');
INSERT INTO productos (codigo, nombre, categoria, precio_compra, precio_venta, stock, stock_min, descripcion) VALUES ('HEL002', 'Helado Edy''s Chocolate 1L', 'Helados', 15.00, 21.99, 40, 10, 'Helado de chocolate');
INSERT INTO productos (codigo, nombre, categoria, precio_compra, precio_venta, stock, stock_min, descripcion) VALUES ('AGU001', 'Agua Purificada Bonafont 1.5L', 'Agua Embotellada', 4.50, 6.99, 160, 40, 'Agua embotellada purificada');
INSERT INTO productos (codigo, nombre, categoria, precio_compra, precio_venta, stock, stock_min, descripcion) VALUES ('AGU002', 'Agua Mineral Perrier 750ml', 'Agua Embotellada', 8.00, 12.50, 75, 18, 'Agua mineral con gas');
INSERT INTO productos (codigo, nombre, categoria, precio_compra, precio_venta, stock, stock_min, descripcion) VALUES ('ENE001', 'Red Bull 250ml', 'Energizantes', 12.00, 17.99, 70, 16, 'Bebida energizante');
INSERT INTO productos (codigo, nombre, categoria, precio_compra, precio_venta, stock, stock_min, descripcion) VALUES ('ENE002', 'Gatorade Limón 500ml', 'Energizantes', 7.50, 11.50, 95, 20, 'Bebida isotónica');
INSERT INTO productos (codigo, nombre, categoria, precio_compra, precio_venta, stock, stock_min, descripcion) VALUES ('VIN001', 'Vino Tinto Santa Rita 750ml', 'Vinos', 35.00, 49.99, 30, 8, 'Vino tinto chileno');
INSERT INTO productos (codigo, nombre, categoria, precio_compra, precio_venta, stock, stock_min, descripcion) VALUES ('LIC001', 'Ron Bacardi 750ml', 'Licores', 45.00, 64.99, 25, 6, 'Ron blanco premium');
INSERT INTO productos (codigo, nombre, categoria, precio_compra, precio_venta, stock, stock_min, descripcion) VALUES ('LIC002', 'Vodka Smirnoff 750ml', 'Licores', 48.00, 68.99, 20, 5, 'Vodka ruso');
INSERT INTO productos (codigo, nombre, categoria, precio_compra, precio_venta, stock, stock_min, descripcion) VALUES ('MOD001', 'Cerveza Corona 355ml', 'Bebidas', 6.50, 9.99, 150, 35, 'Cerveza clara');
INSERT INTO productos (codigo, nombre, categoria, precio_compra, precio_venta, stock, stock_min, descripcion) VALUES ('MOD002', 'Cerveza Modelo 355ml', 'Bebidas', 6.00, 9.50, 140, 33, 'Cerveza mexicana');
INSERT INTO productos (codigo, nombre, categoria, precio_compra, precio_venta, stock, stock_min, descripcion) VALUES ('HEI001', 'Cerveza Heineken 355ml', 'Bebidas', 7.00, 10.50, 125, 30, 'Cerveza lager importada');
INSERT INTO productos (codigo, nombre, categoria, precio_compra, precio_venta, stock, stock_min, descripcion) VALUES ('FRU001', 'Piña en Almíbar La Costeña 565g', 'Frutas Procesadas', 5.50, 8.99, 85, 18, 'Piña en conserva');
INSERT INTO productos (codigo, nombre, categoria, precio_compra, precio_venta, stock, stock_min, descripcion) VALUES ('FRU002', 'Durazno en Almíbar La Costeña 565g', 'Frutas Procesadas', 5.50, 8.99, 75, 16, 'Durazno en conserva');
INSERT INTO productos (codigo, nombre, categoria, precio_compra, precio_venta, stock, stock_min, descripcion) VALUES ('EMB001', 'Jamón Primo 500g', 'Embutidos', 12.50, 18.99, 65, 15, 'Jamón de pavo');
INSERT INTO productos (codigo, nombre, categoria, precio_compra, precio_venta, stock, stock_min, descripcion) VALUES ('EMB002', 'Salchichas Jumbo 500g', 'Embutidos', 8.50, 12.99, 95, 20, 'Salchichas tipo frankfurter');
INSERT INTO productos (codigo, nombre, categoria, precio_compra, precio_venta, stock, stock_min, descripcion) VALUES ('INF001', 'Pañales Pampers Recién Nacido', 'Productos Infantiles', 28.00, 39.99, 35, 8, 'Pañales talla RN');
INSERT INTO productos (codigo, nombre, categoria, precio_compra, precio_venta, stock, stock_min, descripcion) VALUES ('INF002', 'Leche de Fórmula NAN 800g', 'Productos Infantiles', 32.00, 45.99, 45, 10, 'Fórmula infantil');
INSERT INTO productos (codigo, nombre, categoria, precio_compra, precio_venta, stock, stock_min, descripcion) VALUES ('GUM001', 'Chicles Trident 30g', 'Dulces', 2.50, 4.50, 180, 40, 'Chicle de menta');
INSERT INTO productos (codigo, nombre, categoria, precio_compra, precio_venta, stock, stock_min, descripcion) VALUES ('DUL001', 'Caramelos Ricola 50g', 'Dulces', 3.00, 5.50, 160, 35, 'Caramelos de hierbas');
INSERT INTO productos (codigo, nombre, categoria, precio_compra, precio_venta, stock, stock_min, descripcion) VALUES ('MEN001', 'Menta Polo 37g', 'Dulces', 2.00, 3.99, 200, 45, 'Caramelos de menta');
INSERT INTO productos (codigo, nombre, categoria, precio_compra, precio_venta, stock, stock_min, descripcion) VALUES ('SON001', 'Sonrics 50g', 'Snacks', 2.00, 3.99, 190, 42, 'Snack de arroz tostado');
INSERT INTO productos (codigo, nombre, categoria, precio_compra, precio_venta, stock, stock_min, descripcion) VALUES ('SAB004', 'Sabritas Adobo 45g', 'Snacks', 2.50, 3.99, 175, 40, 'Papas con adobo');
INSERT INTO productos (codigo, nombre, categoria, precio_compra, precio_venta, stock, stock_min, descripcion) VALUES ('POP001', 'Palomitas Peluconix 25g', 'Snacks', 1.50, 2.99, 220, 50, 'Palomitas de maíz');
INSERT INTO productos (codigo, nombre, categoria, precio_compra, precio_venta, stock, stock_min, descripcion) VALUES ('GOL001', 'Goleador 45g', 'Snacks', 2.20, 3.99, 160, 35, 'Papas fritas rellenas');
INSERT INTO productos (codigo, nombre, categoria, precio_compra, precio_venta, stock, stock_min, descripcion) VALUES ('LID001', 'Leche Condensada Lala 397g', 'Lácteos', 6.50, 9.99, 110, 24, 'Leche condensada azucarada');
INSERT INTO productos (codigo, nombre, categoria, precio_compra, precio_venta, stock, stock_min, descripcion) VALUES ('LID002', 'Leche Evaporada Lala 410g', 'Lácteos', 5.50, 8.50, 125, 28, 'Leche evaporada');
INSERT INTO productos (codigo, nombre, categoria, precio_compra, precio_venta, stock, stock_min, descripcion) VALUES ('SOD001', 'Soda Cáustica 500ml', 'Limpieza', 4.00, 6.99, 100, 20, 'Limpiador alcalino');
INSERT INTO productos (codigo, nombre, categoria, precio_compra, precio_venta, stock, stock_min, descripcion) VALUES ('PAP001', 'Papel Higiénico Suave 4 Rollos', 'Limpieza', 3.50, 5.99, 180, 40, 'Papel higiénico');
INSERT INTO productos (codigo, nombre, categoria, precio_compra, precio_venta, stock, stock_min, descripcion) VALUES ('SER001', 'Servilletas 100 Piezas', 'Limpieza', 2.00, 3.99, 200, 50, 'Servilletas desechables');
INSERT INTO productos (codigo, nombre, categoria, precio_compra, precio_venta, stock, stock_min, descripcion) VALUES ('COF001', 'Café Nescafé Dolce Gusto 16 Cápsulas', 'Café', 16.00, 23.99, 55, 12, 'Cápsulas de café');
INSERT INTO productos (codigo, nombre, categoria, precio_compra, precio_venta, stock, stock_min, descripcion) VALUES ('CHO001', 'Chocolate Abuelita 190g', 'Chocolates', 5.00, 7.99, 135, 30, 'Chocolate en polvo');
INSERT INTO productos (codigo, nombre, categoria, precio_compra, precio_venta, stock, stock_min, descripcion) VALUES ('JUG001', 'Jugo Natural Jumex Multifruta 1L', 'Jugos', 7.00, 9.99, 80, 18, 'Néctar multifruta');
INSERT INTO productos (codigo, nombre, categoria, precio_compra, precio_venta, stock, stock_min, descripcion) VALUES ('POL002', 'Pollo Congelado Premium 1.5kg', 'Congelados', 22.00, 31.99, 40, 8, 'Pollo entero congelado');
INSERT INTO productos (codigo, nombre, categoria, precio_compra, precio_venta, stock, stock_min, descripcion) VALUES ('RES001', 'Res Molida Congelada 500g', 'Congelados', 18.00, 26.99, 50, 10, 'Carne molida congelada');
INSERT INTO productos (codigo, nombre, categoria, precio_compra, precio_venta, stock, stock_min, descripcion) VALUES ('PES001', 'Pescado Congelado Filete 500g', 'Congelados', 20.00, 29.99, 35, 7, 'Filete de pescado');
INSERT INTO productos (codigo, nombre, categoria, precio_compra, precio_venta, stock, stock_min, descripcion) VALUES ('AZU001', 'Azúcar Refinada 1kg', 'Arroz y Granos', 5.00, 8.50, 95, 20, 'Azúcar blanca');
INSERT INTO productos (codigo, nombre, categoria, precio_compra, precio_venta, stock, stock_min, descripcion) VALUES ('SAL001', 'Sal Refinada 1kg', 'Arroz y Granos', 2.00, 3.99, 140, 30, 'Sal de mesa');
INSERT INTO productos (codigo, nombre, categoria, precio_compra, precio_venta, stock, stock_min, descripcion) VALUES ('CON001', 'Consome Gallina Blanca 10 Cubitos', 'Salsas y Aderezos', 2.50, 4.50, 160, 35, 'Cubos de caldo');

INSERT INTO entradas (producto_id, proveedor_id, cantidad, fecha, vencimiento, usuario, motivo) VALUES (1, 1, 50, '2026-01-15', '2026-04-15', 'admin', 'Compra a proveedor');
INSERT INTO entradas (producto_id, proveedor_id, cantidad, fecha, vencimiento, usuario, motivo) VALUES (2, 2, 35, '2026-01-18', '2026-04-18', 'admin', 'Compra a proveedor');
INSERT INTO entradas (producto_id, proveedor_id, cantidad, fecha, vencimiento, usuario, motivo) VALUES (3, 1, 60, '2026-01-20', '2026-04-20', 'admin', 'Compra a proveedor');
INSERT INTO entradas (producto_id, proveedor_id, cantidad, fecha, vencimiento, usuario, motivo) VALUES (4, 12, 45, '2026-01-22', '2026-04-22', 'admin', 'Compra a proveedor');
INSERT INTO entradas (producto_id, proveedor_id, cantidad, fecha, vencimiento, usuario, motivo) VALUES (12, 6, 75, '2026-01-25', '2026-03-25', 'admin', 'Compra a proveedor');
INSERT INTO entradas (producto_id, proveedor_id, cantidad, fecha, vencimiento, usuario, motivo) VALUES (13, 3, 95, '2026-02-01', '2026-08-01', 'admin', 'Compra a proveedor');
INSERT INTO entradas (producto_id, proveedor_id, cantidad, fecha, vencimiento, usuario, motivo) VALUES (14, 4, 80, '2026-02-03', '2026-08-03', 'admin', 'Compra a proveedor');
INSERT INTO entradas (producto_id, proveedor_id, cantidad, fecha, vencimiento, usuario, motivo) VALUES (15, 4, 50, '2026-02-05', '2026-08-05', 'admin', 'Compra a proveedor');
INSERT INTO entradas (producto_id, proveedor_id, cantidad, fecha, vencimiento, usuario, motivo) VALUES (22, 3, 100, '2026-02-10', '2026-08-10', 'admin', 'Compra a proveedor');
INSERT INTO entradas (producto_id, proveedor_id, cantidad, fecha, vencimiento, usuario, motivo) VALUES (28, 19, 120, '2026-02-12', '2026-06-12', 'admin', 'Compra a proveedor');
INSERT INTO entradas (producto_id, proveedor_id, cantidad, fecha, vencimiento, usuario, motivo) VALUES (30, 20, 85, '2026-02-15', '2026-08-15', 'admin', 'Compra a proveedor');
INSERT INTO entradas (producto_id, proveedor_id, cantidad, fecha, vencimiento, usuario, motivo) VALUES (35, 11, 110, '2026-02-20', '2026-05-20', 'admin', 'Compra a proveedor');
INSERT INTO entradas (producto_id, proveedor_id, cantidad, fecha, vencimiento, usuario, motivo) VALUES (37, 7, 75, '2026-02-25', '2026-05-25', 'admin', 'Compra a proveedor');
INSERT INTO entradas (producto_id, proveedor_id, cantidad, fecha, vencimiento, usuario, motivo) VALUES (41, 9, 90, '2026-03-01', '2026-06-01', 'admin', 'Compra a proveedor');
INSERT INTO entradas (producto_id, proveedor_id, cantidad, fecha, vencimiento, usuario, motivo) VALUES (43, 9, 65, '2026-03-05', '2026-06-05', 'admin', 'Compra a proveedor');
INSERT INTO entradas (producto_id, proveedor_id, cantidad, fecha, vencimiento, usuario, motivo) VALUES (47, 5, 55, '2026-03-10', '2026-06-10', 'admin', 'Compra a proveedor');
INSERT INTO entradas (producto_id, proveedor_id, cantidad, fecha, vencimiento, usuario, motivo) VALUES (50, 5, 70, '2026-03-15', '2026-06-15', 'admin', 'Compra a proveedor');
INSERT INTO entradas (producto_id, proveedor_id, cantidad, fecha, vencimiento, usuario, motivo) VALUES (55, 16, 95, '2026-03-20', '2026-06-20', 'admin', 'Compra a proveedor');
INSERT INTO entradas (producto_id, proveedor_id, cantidad, fecha, vencimiento, usuario, motivo) VALUES (58, 8, 80, '2026-03-25', '2026-05-25', 'admin', 'Compra a proveedor');
INSERT INTO entradas (producto_id, proveedor_id, cantidad, fecha, vencimiento, usuario, motivo) VALUES (62, 12, 110, '2026-04-01', '2026-07-01', 'admin', 'Compra a proveedor');
INSERT INTO entradas (producto_id, proveedor_id, cantidad, fecha, vencimiento, usuario, motivo) VALUES (65, 2, 75, '2026-04-05', '2026-07-05', 'admin', 'Compra a proveedor');
INSERT INTO entradas (producto_id, proveedor_id, cantidad, fecha, vencimiento, usuario, motivo) VALUES (68, 3, 100, '2026-04-10', '2026-10-10', 'admin', 'Compra a proveedor');
INSERT INTO entradas (producto_id, proveedor_id, cantidad, fecha, vencimiento, usuario, motivo) VALUES (72, 1, 65, '2026-04-15', '2026-07-15', 'admin', 'Compra a proveedor');
INSERT INTO entradas (producto_id, proveedor_id, cantidad, fecha, vencimiento, usuario, motivo) VALUES (75, 4, 85, '2026-04-20', '2026-10-20', 'admin', 'Compra a proveedor');
INSERT INTO entradas (producto_id, proveedor_id, cantidad, fecha, vencimiento, usuario, motivo) VALUES (80, 14, 70, '2026-04-25', '2026-12-25', 'admin', 'Compra a proveedor');
INSERT INTO entradas (producto_id, proveedor_id, cantidad, fecha, vencimiento, usuario, motivo) VALUES (85, 10, 95, '2026-05-01', '2026-08-01', 'admin', 'Compra a proveedor');
INSERT INTO entradas (producto_id, proveedor_id, cantidad, fecha, vencimiento, usuario, motivo) VALUES (90, 17, 110, '2026-05-05', '2026-08-05', 'admin', 'Compra a proveedor');
INSERT INTO entradas (producto_id, proveedor_id, cantidad, fecha, vencimiento, usuario, motivo) VALUES (95, 6, 75, '2026-05-10', '2026-07-10', 'admin', 'Compra a proveedor');
INSERT INTO entradas (producto_id, proveedor_id, cantidad, fecha, vencimiento, usuario, motivo) VALUES (100, 20, 120, '2026-05-15', '2026-08-15', 'admin', 'Compra a proveedor');

INSERT INTO salidas (producto_id, cantidad, fecha, usuario, motivo) VALUES (1, 30, '2026-01-20', 'admin', 'Venta al público');
INSERT INTO salidas (producto_id, cantidad, fecha, usuario, motivo) VALUES (2, 15, '2026-01-25', 'admin', 'Venta al público');
INSERT INTO salidas (producto_id, cantidad, fecha, usuario, motivo) VALUES (3, 35, '2026-01-28', 'admin', 'Venta al público');
INSERT INTO salidas (producto_id, cantidad, fecha, usuario, motivo) VALUES (4, 25, '2026-02-02', 'admin', 'Venta al público');
INSERT INTO salidas (producto_id, cantidad, fecha, usuario, motivo) VALUES (12, 40, '2026-02-08', 'admin', 'Venta al público');
INSERT INTO salidas (producto_id, cantidad, fecha, usuario, motivo) VALUES (13, 60, '2026-02-10', 'admin', 'Venta al público');
INSERT INTO salidas (producto_id, cantidad, fecha, usuario, motivo) VALUES (14, 50, '2026-02-12', 'admin', 'Venta al público');
INSERT INTO salidas (producto_id, cantidad, fecha, usuario, motivo) VALUES (15, 30, '2026-02-15', 'admin', 'Venta al público');
INSERT INTO salidas (producto_id, cantidad, fecha, usuario, motivo) VALUES (22, 70, '2026-02-18', 'admin', 'Venta al público');
INSERT INTO salidas (producto_id, cantidad, fecha, usuario, motivo) VALUES (28, 85, '2026-02-20', 'admin', 'Venta al público');
INSERT INTO salidas (producto_id, cantidad, fecha, usuario, motivo) VALUES (30, 50, '2026-02-22', 'admin', 'Venta al público');
INSERT INTO salidas (producto_id, cantidad, fecha, usuario, motivo) VALUES (35, 75, '2026-02-28', 'admin', 'Venta al público');
INSERT INTO salidas (producto_id, cantidad, fecha, usuario, motivo) VALUES (37, 45, '2026-03-02', 'admin', 'Venta al público');
INSERT INTO salidas (producto_id, cantidad, fecha, usuario, motivo) VALUES (41, 60, '2026-03-08', 'admin', 'Venta al público');
INSERT INTO salidas (producto_id, cantidad, fecha, usuario, motivo) VALUES (43, 40, '2026-03-12', 'admin', 'Venta al público');
INSERT INTO salidas (producto_id, cantidad, fecha, usuario, motivo) VALUES (47, 35, '2026-03-18', 'admin', 'Venta al público');
INSERT INTO salidas (producto_id, cantidad, fecha, usuario, motivo) VALUES (50, 50, '2026-03-22', 'admin', 'Venta al público');
INSERT INTO salidas (producto_id, cantidad, fecha, usuario, motivo) VALUES (55, 65, '2026-03-28', 'admin', 'Venta al público');
INSERT INTO salidas (producto_id, cantidad, fecha, usuario, motivo) VALUES (58, 55, '2026-04-02', 'admin', 'Venta al público');
INSERT INTO salidas (producto_id, cantidad, fecha, usuario, motivo) VALUES (62, 80, '2026-04-08', 'admin', 'Venta al público');
INSERT INTO salidas (producto_id, cantidad, fecha, usuario, motivo) VALUES (65, 50, '2026-04-12', 'admin', 'Venta al público');
INSERT INTO salidas (producto_id, cantidad, fecha, usuario, motivo) VALUES (68, 70, '2026-04-18', 'admin', 'Venta al público');
INSERT INTO salidas (producto_id, cantidad, fecha, usuario, motivo) VALUES (72, 40, '2026-04-22', 'admin', 'Venta al público');
INSERT INTO salidas (producto_id, cantidad, fecha, usuario, motivo) VALUES (75, 55, '2026-04-28', 'admin', 'Venta al público');
INSERT INTO salidas (producto_id, cantidad, fecha, usuario, motivo) VALUES (80, 45, '2026-05-02', 'admin', 'Venta al público');
INSERT INTO salidas (producto_id, cantidad, fecha, usuario, motivo) VALUES (85, 65, '2026-05-08', 'admin', 'Venta al público');
INSERT INTO salidas (producto_id, cantidad, fecha, usuario, motivo) VALUES (90, 75, '2026-05-12', 'admin', 'Venta al público');
INSERT INTO salidas (producto_id, cantidad, fecha, usuario, motivo) VALUES (95, 50, '2026-05-18', 'admin', 'Venta al público');
INSERT INTO salidas (producto_id, cantidad, fecha, usuario, motivo) VALUES (100, 80, '2026-05-22', 'admin', 'Venta al público');
